{
  "listener_type": "sphinx",
  "speaker_type": "google",
  "eyes": {
    "left_eye": {
      "neutral_x": 116.15087433916226,
      "neutral_y": 89.79869865799105,
      "movement_smoothing": 0.8
    },
    "right_eye": {
      "neutral_x": 101.5107767385116,
      "neutral_y": 179.98169987799918,
      "movement_smoothing": 0.8
    },
    "upper_lids": {
      "closed_y": -0.09150061000406669,
      "open_y": 107.95241968279788,
      "wide_open_y": 136.06140707604717,
      "movement_smoothing": 0.8
    },
    "lower_lids": {
      "closed_y": 29.7742984953233,
      "open_y": 66.960146400976,
      "wide_open_y": 95.94753965026433,
      "movement_smoothing": 0.8
    }
  }
}