{
  "speaker": {
    "speaker_type": "google",
    "device_index": 2
  },
  "listener": {
    "listener_type": "sphinx",
    "device_index": 3
  },
  "eyes": {
    "left_eye": {
      "neutral_x": 137.23261488409923,
      "neutral_y": 122.59251728344856,
      "movement_smoothing": 0.8
    },
    "right_eye": {
      "neutral_x": 8.399755998373323,
      "neutral_y": 27.13908092720618,
      "movement_smoothing": 0.8
    },
    "upper_lids": {
      "closed_y": 58.76169174461163,
      "open_y": 83.06425376169175,
      "wide_open_y": 127.27734851565678,
      "movement_smoothing": 0.8
    },
    "lower_lids": {
      "closed_y": 133.42618950793005,
      "open_y": 155.09353395689303,
      "wide_open_y": 179.98169987799918,
      "movement_smoothing": 0.8
    }
  }
}